{
  "embedding_dim": 16,
  "input_dim": 21,
  "val_accuracy": 0.8453188602442334,
  "val_auc": 0.8232940450764761,
  "test_accuracy": 0.8516508367254636,
  "test_auc": 0.8263109467995159,
  "training_samples": 6633,
  "epochs_trained": 45,
  "batch_size": 64,
  "scaling": "none",
  "feature_range": "[-1, 0, 1]",
  "note": "No preprocessing required - use raw feature values"
}