{
  "embedding_dim": 16,
  "input_dim": 21,
  "val_accuracy": 0.7901402080506558,
  "val_auc": 0.9369527943966146,
  "test_accuracy": 0.824966078697422,
  "test_auc": 0.9483786203352178,
  "training_samples": 6633,
  "epochs_trained": 58,
  "batch_size": 64,
  "scaling": "none",
  "feature_range": "[-1, 0, 1]",
  "note": "No preprocessing required - use raw feature values"
}